Mánuður,value,source,fetched_at
1989M01,,https://px.hagstofa.is/pxis/pxweb/is/Samfelag__launogtekjur__2_lvt__1_manadartolur/LAU04000.px,2026-02-05T14:45:06.485865+00:00
1989M02,,https://px.hagstofa.is/pxis/pxweb/is/Samfelag__launogtekjur__2_lvt__1_manadartolur/LAU04000.px,2026-02-05T14:45:06.485865+00:00
1989M03,,https://px.hagstofa.is/pxis/pxweb/is/Samfelag__launogtekjur__2_lvt__1_manadartolur/LAU04000.px,2026-02-05T14:45:06.485865+00:00
1989M04,,https://px.hagstofa.is/pxis/pxweb/is/Samfelag__launogtekjur__2_lvt__1_manadartolur/LAU04000.px,2026-02-05T14:45:06.485865+00:00
1989M05,,https://px.hagstofa.is/pxis/pxweb/is/Samfelag__launogtekjur__2_lvt__1_manadartolur/LAU04000.px,2026-02-05T14:45:06.485865+00:00
1989M06,,https://px.hagstofa.is/pxis/pxweb/is/Samfelag__launogtekjur__2_lvt__1_manadartolur/LAU04000.px,2026-02-05T14:45:06.485865+00:00
1989M07,,https://px.hagstofa.is/pxis/pxweb/is/Samfelag__launogtekjur__2_lvt__1_manadartolur/LAU04000.px,2026-02-05T14:45:06.485865+00:00
1989M08,,https://px.hagstofa.is/pxis/pxweb/is/Samfelag__launogtekjur__2_lvt__1_manadartolur/LAU04000.px,2026-02-05T14:45:06.485865+00:00
1989M09,,https://px.hagstofa.is/pxis/pxweb/is/Samfelag__launogtekjur__2_lvt__1_manadartolur/LAU04000.px,2026-02-05T14:45:06.485865+00:00
1989M10,,https://px.hagstofa.is/pxis/pxweb/is/Samfelag__launogtekjur__2_lvt__1_manadartolur/LAU04000.px,2026-02-05T14:45:06.485865+00:00
1989M11,,https://px.hagstofa.is/pxis/pxweb/is/Samfelag__launogtekjur__2_lvt__1_manadartolur/LAU04000.px,2026-02-05T14:45:06.485865+00:00
1989M12,12.7,https://px.hagstofa.is/pxis/pxweb/is/Samfelag__launogtekjur__2_lvt__1_manadartolur/LAU04000.px,2026-02-05T14:45:06.485865+00:00
1990M01,13.3,https://px.hagstofa.is/pxis/pxweb/is/Samfelag__launogtekjur__2_lvt__1_manadartolur/LAU04000.px,2026-02-05T14:45:06.485865+00:00
1990M02,14.0,https://px.hagstofa.is/pxis/pxweb/is/Samfelag__launogtekjur__2_lvt__1_manadartolur/LAU04000.px,2026-02-05T14:45:06.485865+00:00
1990M03,13.2,https://px.hagstofa.is/pxis/pxweb/is/Samfelag__launogtekjur__2_lvt__1_manadartolur/LAU04000.px,2026-02-05T14:45:06.485865+00:00
1990M04,11.8,https://px.hagstofa.is/pxis/pxweb/is/Samfelag__launogtekjur__2_lvt__1_manadartolur/LAU04000.px,2026-02-05T14:45:06.485865+00:00
1990M05,8.8,https://px.hagstofa.is/pxis/pxweb/is/Samfelag__launogtekjur__2_lvt__1_manadartolur/LAU04000.px,2026-02-05T14:45:06.485865+00:00
1990M06,9.7,https://px.hagstofa.is/pxis/pxweb/is/Samfelag__launogtekjur__2_lvt__1_manadartolur/LAU04000.px,2026-02-05T14:45:06.485865+00:00
1990M07,9.5,https://px.hagstofa.is/pxis/pxweb/is/Samfelag__launogtekjur__2_lvt__1_manadartolur/LAU04000.px,2026-02-05T14:45:06.485865+00:00
1990M08,9.3,https://px.hagstofa.is/pxis/pxweb/is/Samfelag__launogtekjur__2_lvt__1_manadartolur/LAU04000.px,2026-02-05T14:45:06.485865+00:00
1990M09,5.9,https://px.hagstofa.is/pxis/pxweb/is/Samfelag__launogtekjur__2_lvt__1_manadartolur/LAU04000.px,2026-02-05T14:45:06.485865+00:00
1990M10,6.0,https://px.hagstofa.is/pxis/pxweb/is/Samfelag__launogtekjur__2_lvt__1_manadartolur/LAU04000.px,2026-02-05T14:45:06.485865+00:00
1990M11,3.8,https://px.hagstofa.is/pxis/pxweb/is/Samfelag__launogtekjur__2_lvt__1_manadartolur/LAU04000.px,2026-02-05T14:45:06.485865+00:00
1990M12,6.6,https://px.hagstofa.is/pxis/pxweb/is/Samfelag__launogtekjur__2_lvt__1_manadartolur/LAU04000.px,2026-02-05T14:45:06.485865+00:00
1991M01,6.1,https://px.hagstofa.is/pxis/pxweb/is/Samfelag__launogtekjur__2_lvt__1_manadartolur/LAU04000.px,2026-02-05T14:45:06.485865+00:00
1991M02,4.9,https://px.hagstofa.is/pxis/pxweb/is/Samfelag__launogtekjur__2_lvt__1_manadartolur/LAU04000.px,2026-02-05T14:45:06.485865+00:00
1991M03,7.8,https://px.hagstofa.is/pxis/pxweb/is/Samfelag__launogtekjur__2_lvt__1_manadartolur/LAU04000.px,2026-02-05T14:45:06.485865+00:00
1991M04,7.8,https://px.hagstofa.is/pxis/pxweb/is/Samfelag__launogtekjur__2_lvt__1_manadartolur/LAU04000.px,2026-02-05T14:45:06.485865+00:00
1991M05,7.6,https://px.hagstofa.is/pxis/pxweb/is/Samfelag__launogtekjur__2_lvt__1_manadartolur/LAU04000.px,2026-02-05T14:45:06.485865+00:00
1991M06,8.9,https://px.hagstofa.is/pxis/pxweb/is/Samfelag__launogtekjur__2_lvt__1_manadartolur/LAU04000.px,2026-02-05T14:45:06.485865+00:00
1991M07,10.5,https://px.hagstofa.is/pxis/pxweb/is/Samfelag__launogtekjur__2_lvt__1_manadartolur/LAU04000.px,2026-02-05T14:45:06.485865+00:00
1991M08,10.5,https://px.hagstofa.is/pxis/pxweb/is/Samfelag__launogtekjur__2_lvt__1_manadartolur/LAU04000.px,2026-02-05T14:45:06.485865+00:00
1991M09,10.9,https://px.hagstofa.is/pxis/pxweb/is/Samfelag__launogtekjur__2_lvt__1_manadartolur/LAU04000.px,2026-02-05T14:45:06.485865+00:00
1991M10,9.3,https://px.hagstofa.is/pxis/pxweb/is/Samfelag__launogtekjur__2_lvt__1_manadartolur/LAU04000.px,2026-02-05T14:45:06.485865+00:00
1991M11,9.2,https://px.hagstofa.is/pxis/pxweb/is/Samfelag__launogtekjur__2_lvt__1_manadartolur/LAU04000.px,2026-02-05T14:45:06.485865+00:00
1991M12,6.4,https://px.hagstofa.is/pxis/pxweb/is/Samfelag__launogtekjur__2_lvt__1_manadartolur/LAU04000.px,2026-02-05T14:45:06.485865+00:00
1992M01,6.3,https://px.hagstofa.is/pxis/pxweb/is/Samfelag__launogtekjur__2_lvt__1_manadartolur/LAU04000.px,2026-02-05T14:45:06.485865+00:00
1992M02,6.2,https://px.hagstofa.is/pxis/pxweb/is/Samfelag__launogtekjur__2_lvt__1_manadartolur/LAU04000.px,2026-02-05T14:45:06.485865+00:00
1992M03,3.6,https://px.hagstofa.is/pxis/pxweb/is/Samfelag__launogtekjur__2_lvt__1_manadartolur/LAU04000.px,2026-02-05T14:45:06.485865+00:00
1992M04,3.6,https://px.hagstofa.is/pxis/pxweb/is/Samfelag__launogtekjur__2_lvt__1_manadartolur/LAU04000.px,2026-02-05T14:45:06.485865+00:00
1992M05,5.1,https://px.hagstofa.is/pxis/pxweb/is/Samfelag__launogtekjur__2_lvt__1_manadartolur/LAU04000.px,2026-02-05T14:45:06.485865+00:00
1992M06,2.4,https://px.hagstofa.is/pxis/pxweb/is/Samfelag__launogtekjur__2_lvt__1_manadartolur/LAU04000.px,2026-02-05T14:45:06.485865+00:00
1992M07,0.8,https://px.hagstofa.is/pxis/pxweb/is/Samfelag__launogtekjur__2_lvt__1_manadartolur/LAU04000.px,2026-02-05T14:45:06.485865+00:00
1992M08,0.8,https://px.hagstofa.is/pxis/pxweb/is/Samfelag__launogtekjur__2_lvt__1_manadartolur/LAU04000.px,2026-02-05T14:45:06.485865+00:00
1992M09,0.8,https://px.hagstofa.is/pxis/pxweb/is/Samfelag__launogtekjur__2_lvt__1_manadartolur/LAU04000.px,2026-02-05T14:45:06.485865+00:00
1992M10,2.0,https://px.hagstofa.is/pxis/pxweb/is/Samfelag__launogtekjur__2_lvt__1_manadartolur/LAU04000.px,2026-02-05T14:45:06.485865+00:00
1992M11,2.0,https://px.hagstofa.is/pxis/pxweb/is/Samfelag__launogtekjur__2_lvt__1_manadartolur/LAU04000.px,2026-02-05T14:45:06.485865+00:00
1992M12,2.3,https://px.hagstofa.is/pxis/pxweb/is/Samfelag__launogtekjur__2_lvt__1_manadartolur/LAU04000.px,2026-02-05T14:45:06.485865+00:00
1993M01,2.3,https://px.hagstofa.is/pxis/pxweb/is/Samfelag__launogtekjur__2_lvt__1_manadartolur/LAU04000.px,2026-02-05T14:45:06.485865+00:00
1993M02,2.3,https://px.hagstofa.is/pxis/pxweb/is/Samfelag__launogtekjur__2_lvt__1_manadartolur/LAU04000.px,2026-02-05T14:45:06.485865+00:00
1993M03,2.3,https://px.hagstofa.is/pxis/pxweb/is/Samfelag__launogtekjur__2_lvt__1_manadartolur/LAU04000.px,2026-02-05T14:45:06.485865+00:00
1993M04,2.3,https://px.hagstofa.is/pxis/pxweb/is/Samfelag__launogtekjur__2_lvt__1_manadartolur/LAU04000.px,2026-02-05T14:45:06.485865+00:00
1993M05,0.9,https://px.hagstofa.is/pxis/pxweb/is/Samfelag__launogtekjur__2_lvt__1_manadartolur/LAU04000.px,2026-02-05T14:45:06.485865+00:00
1993M06,0.9,https://px.hagstofa.is/pxis/pxweb/is/Samfelag__launogtekjur__2_lvt__1_manadartolur/LAU04000.px,2026-02-05T14:45:06.485865+00:00
1993M07,0.8,https://px.hagstofa.is/pxis/pxweb/is/Samfelag__launogtekjur__2_lvt__1_manadartolur/LAU04000.px,2026-02-05T14:45:06.485865+00:00
1993M08,0.8,https://px.hagstofa.is/pxis/pxweb/is/Samfelag__launogtekjur__2_lvt__1_manadartolur/LAU04000.px,2026-02-05T14:45:06.485865+00:00
1993M09,0.9,https://px.hagstofa.is/pxis/pxweb/is/Samfelag__launogtekjur__2_lvt__1_manadartolur/LAU04000.px,2026-02-05T14:45:06.485865+00:00
1993M10,0.8,https://px.hagstofa.is/pxis/pxweb/is/Samfelag__launogtekjur__2_lvt__1_manadartolur/LAU04000.px,2026-02-05T14:45:06.485865+00:00
1993M11,1.1,https://px.hagstofa.is/pxis/pxweb/is/Samfelag__launogtekjur__2_lvt__1_manadartolur/LAU04000.px,2026-02-05T14:45:06.485865+00:00
1993M12,0.9,https://px.hagstofa.is/pxis/pxweb/is/Samfelag__launogtekjur__2_lvt__1_manadartolur/LAU04000.px,2026-02-05T14:45:06.485865+00:00
1994M01,0.9,https://px.hagstofa.is/pxis/pxweb/is/Samfelag__launogtekjur__2_lvt__1_manadartolur/LAU04000.px,2026-02-05T14:45:06.485865+00:00
1994M02,0.9,https://px.hagstofa.is/pxis/pxweb/is/Samfelag__launogtekjur__2_lvt__1_manadartolur/LAU04000.px,2026-02-05T14:45:06.485865+00:00
1994M03,0.8,https://px.hagstofa.is/pxis/pxweb/is/Samfelag__launogtekjur__2_lvt__1_manadartolur/LAU04000.px,2026-02-05T14:45:06.485865+00:00
1994M04,0.8,https://px.hagstofa.is/pxis/pxweb/is/Samfelag__launogtekjur__2_lvt__1_manadartolur/LAU04000.px,2026-02-05T14:45:06.485865+00:00
1994M05,0.8,https://px.hagstofa.is/pxis/pxweb/is/Samfelag__launogtekjur__2_lvt__1_manadartolur/LAU04000.px,2026-02-05T14:45:06.485865+00:00
1994M06,1.4,https://px.hagstofa.is/pxis/pxweb/is/Samfelag__launogtekjur__2_lvt__1_manadartolur/LAU04000.px,2026-02-05T14:45:06.485865+00:00
1994M07,1.4,https://px.hagstofa.is/pxis/pxweb/is/Samfelag__launogtekjur__2_lvt__1_manadartolur/LAU04000.px,2026-02-05T14:45:06.485865+00:00
1994M08,1.4,https://px.hagstofa.is/pxis/pxweb/is/Samfelag__launogtekjur__2_lvt__1_manadartolur/LAU04000.px,2026-02-05T14:45:06.485865+00:00
1994M09,1.4,https://px.hagstofa.is/pxis/pxweb/is/Samfelag__launogtekjur__2_lvt__1_manadartolur/LAU04000.px,2026-02-05T14:45:06.485865+00:00
1994M10,1.6,https://px.hagstofa.is/pxis/pxweb/is/Samfelag__launogtekjur__2_lvt__1_manadartolur/LAU04000.px,2026-02-05T14:45:06.485865+00:00
1994M11,1.4,https://px.hagstofa.is/pxis/pxweb/is/Samfelag__launogtekjur__2_lvt__1_manadartolur/LAU04000.px,2026-02-05T14:45:06.485865+00:00
1994M12,1.4,https://px.hagstofa.is/pxis/pxweb/is/Samfelag__launogtekjur__2_lvt__1_manadartolur/LAU04000.px,2026-02-05T14:45:06.485865+00:00
1995M01,1.5,https://px.hagstofa.is/pxis/pxweb/is/Samfelag__launogtekjur__2_lvt__1_manadartolur/LAU04000.px,2026-02-05T14:45:06.485865+00:00
1995M02,2.1,https://px.hagstofa.is/pxis/pxweb/is/Samfelag__launogtekjur__2_lvt__1_manadartolur/LAU04000.px,2026-02-05T14:45:06.485865+00:00
1995M03,3.4,https://px.hagstofa.is/pxis/pxweb/is/Samfelag__launogtekjur__2_lvt__1_manadartolur/LAU04000.px,2026-02-05T14:45:06.485865+00:00
1995M04,3.9,https://px.hagstofa.is/pxis/pxweb/is/Samfelag__launogtekjur__2_lvt__1_manadartolur/LAU04000.px,2026-02-05T14:45:06.485865+00:00
1995M05,5.0,https://px.hagstofa.is/pxis/pxweb/is/Samfelag__launogtekjur__2_lvt__1_manadartolur/LAU04000.px,2026-02-05T14:45:06.485865+00:00
1995M06,4.9,https://px.hagstofa.is/pxis/pxweb/is/Samfelag__launogtekjur__2_lvt__1_manadartolur/LAU04000.px,2026-02-05T14:45:06.485865+00:00
1995M07,5.0,https://px.hagstofa.is/pxis/pxweb/is/Samfelag__launogtekjur__2_lvt__1_manadartolur/LAU04000.px,2026-02-05T14:45:06.485865+00:00
1995M08,5.3,https://px.hagstofa.is/pxis/pxweb/is/Samfelag__launogtekjur__2_lvt__1_manadartolur/LAU04000.px,2026-02-05T14:45:06.485865+00:00
1995M09,5.6,https://px.hagstofa.is/pxis/pxweb/is/Samfelag__launogtekjur__2_lvt__1_manadartolur/LAU04000.px,2026-02-05T14:45:06.485865+00:00
1995M10,5.7,https://px.hagstofa.is/pxis/pxweb/is/Samfelag__launogtekjur__2_lvt__1_manadartolur/LAU04000.px,2026-02-05T14:45:06.485865+00:00
1995M11,5.8,https://px.hagstofa.is/pxis/pxweb/is/Samfelag__launogtekjur__2_lvt__1_manadartolur/LAU04000.px,2026-02-05T14:45:06.485865+00:00
1995M12,6.0,https://px.hagstofa.is/pxis/pxweb/is/Samfelag__launogtekjur__2_lvt__1_manadartolur/LAU04000.px,2026-02-05T14:45:06.485865+00:00
1996M01,9.6,https://px.hagstofa.is/pxis/pxweb/is/Samfelag__launogtekjur__2_lvt__1_manadartolur/LAU04000.px,2026-02-05T14:45:06.485865+00:00
1996M02,9.0,https://px.hagstofa.is/pxis/pxweb/is/Samfelag__launogtekjur__2_lvt__1_manadartolur/LAU04000.px,2026-02-05T14:45:06.485865+00:00
1996M03,7.9,https://px.hagstofa.is/pxis/pxweb/is/Samfelag__launogtekjur__2_lvt__1_manadartolur/LAU04000.px,2026-02-05T14:45:06.485865+00:00
1996M04,7.4,https://px.hagstofa.is/pxis/pxweb/is/Samfelag__launogtekjur__2_lvt__1_manadartolur/LAU04000.px,2026-02-05T14:45:06.485865+00:00
1996M05,6.5,https://px.hagstofa.is/pxis/pxweb/is/Samfelag__launogtekjur__2_lvt__1_manadartolur/LAU04000.px,2026-02-05T14:45:06.485865+00:00
1996M06,5.9,https://px.hagstofa.is/pxis/pxweb/is/Samfelag__launogtekjur__2_lvt__1_manadartolur/LAU04000.px,2026-02-05T14:45:06.485865+00:00
1996M07,5.9,https://px.hagstofa.is/pxis/pxweb/is/Samfelag__launogtekjur__2_lvt__1_manadartolur/LAU04000.px,2026-02-05T14:45:06.485865+00:00
1996M08,5.4,https://px.hagstofa.is/pxis/pxweb/is/Samfelag__launogtekjur__2_lvt__1_manadartolur/LAU04000.px,2026-02-05T14:45:06.485865+00:00
1996M09,5.1,https://px.hagstofa.is/pxis/pxweb/is/Samfelag__launogtekjur__2_lvt__1_manadartolur/LAU04000.px,2026-02-05T14:45:06.485865+00:00
1996M10,5.0,https://px.hagstofa.is/pxis/pxweb/is/Samfelag__launogtekjur__2_lvt__1_manadartolur/LAU04000.px,2026-02-05T14:45:06.485865+00:00
1996M11,4.7,https://px.hagstofa.is/pxis/pxweb/is/Samfelag__launogtekjur__2_lvt__1_manadartolur/LAU04000.px,2026-02-05T14:45:06.485865+00:00
1996M12,4.9,https://px.hagstofa.is/pxis/pxweb/is/Samfelag__launogtekjur__2_lvt__1_manadartolur/LAU04000.px,2026-02-05T14:45:06.485865+00:00
1997M01,1.4,https://px.hagstofa.is/pxis/pxweb/is/Samfelag__launogtekjur__2_lvt__1_manadartolur/LAU04000.px,2026-02-05T14:45:06.485865+00:00
1997M02,1.4,https://px.hagstofa.is/pxis/pxweb/is/Samfelag__launogtekjur__2_lvt__1_manadartolur/LAU04000.px,2026-02-05T14:45:06.485865+00:00
1997M03,1.4,https://px.hagstofa.is/pxis/pxweb/is/Samfelag__launogtekjur__2_lvt__1_manadartolur/LAU04000.px,2026-02-05T14:45:06.485865+00:00
1997M04,4.5,https://px.hagstofa.is/pxis/pxweb/is/Samfelag__launogtekjur__2_lvt__1_manadartolur/LAU04000.px,2026-02-05T14:45:06.485865+00:00
1997M05,6.0,https://px.hagstofa.is/pxis/pxweb/is/Samfelag__launogtekjur__2_lvt__1_manadartolur/LAU04000.px,2026-02-05T14:45:06.485865+00:00
1997M06,6.2,https://px.hagstofa.is/pxis/pxweb/is/Samfelag__launogtekjur__2_lvt__1_manadartolur/LAU04000.px,2026-02-05T14:45:06.485865+00:00
1997M07,6.8,https://px.hagstofa.is/pxis/pxweb/is/Samfelag__launogtekjur__2_lvt__1_manadartolur/LAU04000.px,2026-02-05T14:45:06.485865+00:00
1997M08,6.8,https://px.hagstofa.is/pxis/pxweb/is/Samfelag__launogtekjur__2_lvt__1_manadartolur/LAU04000.px,2026-02-05T14:45:06.485865+00:00
1997M09,7.1,https://px.hagstofa.is/pxis/pxweb/is/Samfelag__launogtekjur__2_lvt__1_manadartolur/LAU04000.px,2026-02-05T14:45:06.485865+00:00
1997M10,7.5,https://px.hagstofa.is/pxis/pxweb/is/Samfelag__launogtekjur__2_lvt__1_manadartolur/LAU04000.px,2026-02-05T14:45:06.485865+00:00
1997M11,7.8,https://px.hagstofa.is/pxis/pxweb/is/Samfelag__launogtekjur__2_lvt__1_manadartolur/LAU04000.px,2026-02-05T14:45:06.485865+00:00
1997M12,8.1,https://px.hagstofa.is/pxis/pxweb/is/Samfelag__launogtekjur__2_lvt__1_manadartolur/LAU04000.px,2026-02-05T14:45:06.485865+00:00
1998M01,12.8,https://px.hagstofa.is/pxis/pxweb/is/Samfelag__launogtekjur__2_lvt__1_manadartolur/LAU04000.px,2026-02-05T14:45:06.485865+00:00
1998M02,13.1,https://px.hagstofa.is/pxis/pxweb/is/Samfelag__launogtekjur__2_lvt__1_manadartolur/LAU04000.px,2026-02-05T14:45:06.485865+00:00
1998M03,12.8,https://px.hagstofa.is/pxis/pxweb/is/Samfelag__launogtekjur__2_lvt__1_manadartolur/LAU04000.px,2026-02-05T14:45:06.485865+00:00
1998M04,9.8,https://px.hagstofa.is/pxis/pxweb/is/Samfelag__launogtekjur__2_lvt__1_manadartolur/LAU04000.px,2026-02-05T14:45:06.485865+00:00
1998M05,8.1,https://px.hagstofa.is/pxis/pxweb/is/Samfelag__launogtekjur__2_lvt__1_manadartolur/LAU04000.px,2026-02-05T14:45:06.485865+00:00
1998M06,8.1,https://px.hagstofa.is/pxis/pxweb/is/Samfelag__launogtekjur__2_lvt__1_manadartolur/LAU04000.px,2026-02-05T14:45:06.485865+00:00
1998M07,7.9,https://px.hagstofa.is/pxis/pxweb/is/Samfelag__launogtekjur__2_lvt__1_manadartolur/LAU04000.px,2026-02-05T14:45:06.485865+00:00
1998M08,8.5,https://px.hagstofa.is/pxis/pxweb/is/Samfelag__launogtekjur__2_lvt__1_manadartolur/LAU04000.px,2026-02-05T14:45:06.485865+00:00
1998M09,8.3,https://px.hagstofa.is/pxis/pxweb/is/Samfelag__launogtekjur__2_lvt__1_manadartolur/LAU04000.px,2026-02-05T14:45:06.485865+00:00
1998M10,8.0,https://px.hagstofa.is/pxis/pxweb/is/Samfelag__launogtekjur__2_lvt__1_manadartolur/LAU04000.px,2026-02-05T14:45:06.485865+00:00
1998M11,7.9,https://px.hagstofa.is/pxis/pxweb/is/Samfelag__launogtekjur__2_lvt__1_manadartolur/LAU04000.px,2026-02-05T14:45:06.485865+00:00
1998M12,7.8,https://px.hagstofa.is/pxis/pxweb/is/Samfelag__launogtekjur__2_lvt__1_manadartolur/LAU04000.px,2026-02-05T14:45:06.485865+00:00
1999M01,7.4,https://px.hagstofa.is/pxis/pxweb/is/Samfelag__launogtekjur__2_lvt__1_manadartolur/LAU04000.px,2026-02-05T14:45:06.485865+00:00
1999M02,7.4,https://px.hagstofa.is/pxis/pxweb/is/Samfelag__launogtekjur__2_lvt__1_manadartolur/LAU04000.px,2026-02-05T14:45:06.485865+00:00
1999M03,7.4,https://px.hagstofa.is/pxis/pxweb/is/Samfelag__launogtekjur__2_lvt__1_manadartolur/LAU04000.px,2026-02-05T14:45:06.485865+00:00
1999M04,7.2,https://px.hagstofa.is/pxis/pxweb/is/Samfelag__launogtekjur__2_lvt__1_manadartolur/LAU04000.px,2026-02-05T14:45:06.485865+00:00
1999M05,7.2,https://px.hagstofa.is/pxis/pxweb/is/Samfelag__launogtekjur__2_lvt__1_manadartolur/LAU04000.px,2026-02-05T14:45:06.485865+00:00
1999M06,7.0,https://px.hagstofa.is/pxis/pxweb/is/Samfelag__launogtekjur__2_lvt__1_manadartolur/LAU04000.px,2026-02-05T14:45:06.485865+00:00
1999M07,6.8,https://px.hagstofa.is/pxis/pxweb/is/Samfelag__launogtekjur__2_lvt__1_manadartolur/LAU04000.px,2026-02-05T14:45:06.485865+00:00
1999M08,6.3,https://px.hagstofa.is/pxis/pxweb/is/Samfelag__launogtekjur__2_lvt__1_manadartolur/LAU04000.px,2026-02-05T14:45:06.485865+00:00
1999M09,6.3,https://px.hagstofa.is/pxis/pxweb/is/Samfelag__launogtekjur__2_lvt__1_manadartolur/LAU04000.px,2026-02-05T14:45:06.485865+00:00
1999M10,6.3,https://px.hagstofa.is/pxis/pxweb/is/Samfelag__launogtekjur__2_lvt__1_manadartolur/LAU04000.px,2026-02-05T14:45:06.485865+00:00
1999M11,6.4,https://px.hagstofa.is/pxis/pxweb/is/Samfelag__launogtekjur__2_lvt__1_manadartolur/LAU04000.px,2026-02-05T14:45:06.485865+00:00
1999M12,6.2,https://px.hagstofa.is/pxis/pxweb/is/Samfelag__launogtekjur__2_lvt__1_manadartolur/LAU04000.px,2026-02-05T14:45:06.485865+00:00
2000M01,3.6,https://px.hagstofa.is/pxis/pxweb/is/Samfelag__launogtekjur__2_lvt__1_manadartolur/LAU04000.px,2026-02-05T14:45:06.485865+00:00
2000M02,4.6,https://px.hagstofa.is/pxis/pxweb/is/Samfelag__launogtekjur__2_lvt__1_manadartolur/LAU04000.px,2026-02-05T14:45:06.485865+00:00
2000M03,4.6,https://px.hagstofa.is/pxis/pxweb/is/Samfelag__launogtekjur__2_lvt__1_manadartolur/LAU04000.px,2026-02-05T14:45:06.485865+00:00
2000M04,5.3,https://px.hagstofa.is/pxis/pxweb/is/Samfelag__launogtekjur__2_lvt__1_manadartolur/LAU04000.px,2026-02-05T14:45:06.485865+00:00
2000M05,7.1,https://px.hagstofa.is/pxis/pxweb/is/Samfelag__launogtekjur__2_lvt__1_manadartolur/LAU04000.px,2026-02-05T14:45:06.485865+00:00
2000M06,7.6,https://px.hagstofa.is/pxis/pxweb/is/Samfelag__launogtekjur__2_lvt__1_manadartolur/LAU04000.px,2026-02-05T14:45:06.485865+00:00
2000M07,7.9,https://px.hagstofa.is/pxis/pxweb/is/Samfelag__launogtekjur__2_lvt__1_manadartolur/LAU04000.px,2026-02-05T14:45:06.485865+00:00
2000M08,7.9,https://px.hagstofa.is/pxis/pxweb/is/Samfelag__launogtekjur__2_lvt__1_manadartolur/LAU04000.px,2026-02-05T14:45:06.485865+00:00
2000M09,7.8,https://px.hagstofa.is/pxis/pxweb/is/Samfelag__launogtekjur__2_lvt__1_manadartolur/LAU04000.px,2026-02-05T14:45:06.485865+00:00
2000M10,7.8,https://px.hagstofa.is/pxis/pxweb/is/Samfelag__launogtekjur__2_lvt__1_manadartolur/LAU04000.px,2026-02-05T14:45:06.485865+00:00
2000M11,7.6,https://px.hagstofa.is/pxis/pxweb/is/Samfelag__launogtekjur__2_lvt__1_manadartolur/LAU04000.px,2026-02-05T14:45:06.485865+00:00
2000M12,7.6,https://px.hagstofa.is/pxis/pxweb/is/Samfelag__launogtekjur__2_lvt__1_manadartolur/LAU04000.px,2026-02-05T14:45:06.485865+00:00
2001M01,9.3,https://px.hagstofa.is/pxis/pxweb/is/Samfelag__launogtekjur__2_lvt__1_manadartolur/LAU04000.px,2026-02-05T14:45:06.485865+00:00
2001M02,8.2,https://px.hagstofa.is/pxis/pxweb/is/Samfelag__launogtekjur__2_lvt__1_manadartolur/LAU04000.px,2026-02-05T14:45:06.485865+00:00
2001M03,9.2,https://px.hagstofa.is/pxis/pxweb/is/Samfelag__launogtekjur__2_lvt__1_manadartolur/LAU04000.px,2026-02-05T14:45:06.485865+00:00
2001M04,9.2,https://px.hagstofa.is/pxis/pxweb/is/Samfelag__launogtekjur__2_lvt__1_manadartolur/LAU04000.px,2026-02-05T14:45:06.485865+00:00
2001M05,8.0,https://px.hagstofa.is/pxis/pxweb/is/Samfelag__launogtekjur__2_lvt__1_manadartolur/LAU04000.px,2026-02-05T14:45:06.485865+00:00
2001M06,8.2,https://px.hagstofa.is/pxis/pxweb/is/Samfelag__launogtekjur__2_lvt__1_manadartolur/LAU04000.px,2026-02-05T14:45:06.485865+00:00
2001M07,8.1,https://px.hagstofa.is/pxis/pxweb/is/Samfelag__launogtekjur__2_lvt__1_manadartolur/LAU04000.px,2026-02-05T14:45:06.485865+00:00
2001M08,8.8,https://px.hagstofa.is/pxis/pxweb/is/Samfelag__launogtekjur__2_lvt__1_manadartolur/LAU04000.px,2026-02-05T14:45:06.485865+00:00
2001M09,9.1,https://px.hagstofa.is/pxis/pxweb/is/Samfelag__launogtekjur__2_lvt__1_manadartolur/LAU04000.px,2026-02-05T14:45:06.485865+00:00
2001M10,9.1,https://px.hagstofa.is/pxis/pxweb/is/Samfelag__launogtekjur__2_lvt__1_manadartolur/LAU04000.px,2026-02-05T14:45:06.485865+00:00
2001M11,9.4,https://px.hagstofa.is/pxis/pxweb/is/Samfelag__launogtekjur__2_lvt__1_manadartolur/LAU04000.px,2026-02-05T14:45:06.485865+00:00
2001M12,9.6,https://px.hagstofa.is/pxis/pxweb/is/Samfelag__launogtekjur__2_lvt__1_manadartolur/LAU04000.px,2026-02-05T14:45:06.485865+00:00
2002M01,10.0,https://px.hagstofa.is/pxis/pxweb/is/Samfelag__launogtekjur__2_lvt__1_manadartolur/LAU04000.px,2026-02-05T14:45:06.485865+00:00
2002M02,9.8,https://px.hagstofa.is/pxis/pxweb/is/Samfelag__launogtekjur__2_lvt__1_manadartolur/LAU04000.px,2026-02-05T14:45:06.485865+00:00
2002M03,8.7,https://px.hagstofa.is/pxis/pxweb/is/Samfelag__launogtekjur__2_lvt__1_manadartolur/LAU04000.px,2026-02-05T14:45:06.485865+00:00
2002M04,8.0,https://px.hagstofa.is/pxis/pxweb/is/Samfelag__launogtekjur__2_lvt__1_manadartolur/LAU04000.px,2026-02-05T14:45:06.485865+00:00
2002M05,7.5,https://px.hagstofa.is/pxis/pxweb/is/Samfelag__launogtekjur__2_lvt__1_manadartolur/LAU04000.px,2026-02-05T14:45:06.485865+00:00
2002M06,6.9,https://px.hagstofa.is/pxis/pxweb/is/Samfelag__launogtekjur__2_lvt__1_manadartolur/LAU04000.px,2026-02-05T14:45:06.485865+00:00
2002M07,6.6,https://px.hagstofa.is/pxis/pxweb/is/Samfelag__launogtekjur__2_lvt__1_manadartolur/LAU04000.px,2026-02-05T14:45:06.485865+00:00
2002M08,6.0,https://px.hagstofa.is/pxis/pxweb/is/Samfelag__launogtekjur__2_lvt__1_manadartolur/LAU04000.px,2026-02-05T14:45:06.485865+00:00
2002M09,5.8,https://px.hagstofa.is/pxis/pxweb/is/Samfelag__launogtekjur__2_lvt__1_manadartolur/LAU04000.px,2026-02-05T14:45:06.485865+00:00
2002M10,5.9,https://px.hagstofa.is/pxis/pxweb/is/Samfelag__launogtekjur__2_lvt__1_manadartolur/LAU04000.px,2026-02-05T14:45:06.485865+00:00
2002M11,5.7,https://px.hagstofa.is/pxis/pxweb/is/Samfelag__launogtekjur__2_lvt__1_manadartolur/LAU04000.px,2026-02-05T14:45:06.485865+00:00
2002M12,5.4,https://px.hagstofa.is/pxis/pxweb/is/Samfelag__launogtekjur__2_lvt__1_manadartolur/LAU04000.px,2026-02-05T14:45:06.485865+00:00
2003M01,5.5,https://px.hagstofa.is/pxis/pxweb/is/Samfelag__launogtekjur__2_lvt__1_manadartolur/LAU04000.px,2026-02-05T14:45:06.485865+00:00
2003M02,5.6,https://px.hagstofa.is/pxis/pxweb/is/Samfelag__launogtekjur__2_lvt__1_manadartolur/LAU04000.px,2026-02-05T14:45:06.485865+00:00
2003M03,5.7,https://px.hagstofa.is/pxis/pxweb/is/Samfelag__launogtekjur__2_lvt__1_manadartolur/LAU04000.px,2026-02-05T14:45:06.485865+00:00
2003M04,5.6,https://px.hagstofa.is/pxis/pxweb/is/Samfelag__launogtekjur__2_lvt__1_manadartolur/LAU04000.px,2026-02-05T14:45:06.485865+00:00
2003M05,5.6,https://px.hagstofa.is/pxis/pxweb/is/Samfelag__launogtekjur__2_lvt__1_manadartolur/LAU04000.px,2026-02-05T14:45:06.485865+00:00
2003M06,5.6,https://px.hagstofa.is/pxis/pxweb/is/Samfelag__launogtekjur__2_lvt__1_manadartolur/LAU04000.px,2026-02-05T14:45:06.485865+00:00
2003M07,5.7,https://px.hagstofa.is/pxis/pxweb/is/Samfelag__launogtekjur__2_lvt__1_manadartolur/LAU04000.px,2026-02-05T14:45:06.485865+00:00
2003M08,5.7,https://px.hagstofa.is/pxis/pxweb/is/Samfelag__launogtekjur__2_lvt__1_manadartolur/LAU04000.px,2026-02-05T14:45:06.485865+00:00
2003M09,5.6,https://px.hagstofa.is/pxis/pxweb/is/Samfelag__launogtekjur__2_lvt__1_manadartolur/LAU04000.px,2026-02-05T14:45:06.485865+00:00
2003M10,5.5,https://px.hagstofa.is/pxis/pxweb/is/Samfelag__launogtekjur__2_lvt__1_manadartolur/LAU04000.px,2026-02-05T14:45:06.485865+00:00
2003M11,5.5,https://px.hagstofa.is/pxis/pxweb/is/Samfelag__launogtekjur__2_lvt__1_manadartolur/LAU04000.px,2026-02-05T14:45:06.485865+00:00
2003M12,5.4,https://px.hagstofa.is/pxis/pxweb/is/Samfelag__launogtekjur__2_lvt__1_manadartolur/LAU04000.px,2026-02-05T14:45:06.485865+00:00
2004M01,3.3,https://px.hagstofa.is/pxis/pxweb/is/Samfelag__launogtekjur__2_lvt__1_manadartolur/LAU04000.px,2026-02-05T14:45:06.485865+00:00
2004M02,3.3,https://px.hagstofa.is/pxis/pxweb/is/Samfelag__launogtekjur__2_lvt__1_manadartolur/LAU04000.px,2026-02-05T14:45:06.485865+00:00
2004M03,3.8,https://px.hagstofa.is/pxis/pxweb/is/Samfelag__launogtekjur__2_lvt__1_manadartolur/LAU04000.px,2026-02-05T14:45:06.485865+00:00
2004M04,4.0,https://px.hagstofa.is/pxis/pxweb/is/Samfelag__launogtekjur__2_lvt__1_manadartolur/LAU04000.px,2026-02-05T14:45:06.485865+00:00
2004M05,4.6,https://px.hagstofa.is/pxis/pxweb/is/Samfelag__launogtekjur__2_lvt__1_manadartolur/LAU04000.px,2026-02-05T14:45:06.485865+00:00
2004M06,5.1,https://px.hagstofa.is/pxis/pxweb/is/Samfelag__launogtekjur__2_lvt__1_manadartolur/LAU04000.px,2026-02-05T14:45:06.485865+00:00
2004M07,5.1,https://px.hagstofa.is/pxis/pxweb/is/Samfelag__launogtekjur__2_lvt__1_manadartolur/LAU04000.px,2026-02-05T14:45:06.485865+00:00
2004M08,5.2,https://px.hagstofa.is/pxis/pxweb/is/Samfelag__launogtekjur__2_lvt__1_manadartolur/LAU04000.px,2026-02-05T14:45:06.485865+00:00
2004M09,5.3,https://px.hagstofa.is/pxis/pxweb/is/Samfelag__launogtekjur__2_lvt__1_manadartolur/LAU04000.px,2026-02-05T14:45:06.485865+00:00
2004M10,5.3,https://px.hagstofa.is/pxis/pxweb/is/Samfelag__launogtekjur__2_lvt__1_manadartolur/LAU04000.px,2026-02-05T14:45:06.485865+00:00
2004M11,5.4,https://px.hagstofa.is/pxis/pxweb/is/Samfelag__launogtekjur__2_lvt__1_manadartolur/LAU04000.px,2026-02-05T14:45:06.485865+00:00
2004M12,6.0,https://px.hagstofa.is/pxis/pxweb/is/Samfelag__launogtekjur__2_lvt__1_manadartolur/LAU04000.px,2026-02-05T14:45:06.485865+00:00
2005M01,6.6,https://px.hagstofa.is/pxis/pxweb/is/Samfelag__launogtekjur__2_lvt__1_manadartolur/LAU04000.px,2026-02-05T14:45:06.485865+00:00
2005M02,6.7,https://px.hagstofa.is/pxis/pxweb/is/Samfelag__launogtekjur__2_lvt__1_manadartolur/LAU04000.px,2026-02-05T14:45:06.485865+00:00
2005M03,6.5,https://px.hagstofa.is/pxis/pxweb/is/Samfelag__launogtekjur__2_lvt__1_manadartolur/LAU04000.px,2026-02-05T14:45:06.485865+00:00
2005M04,6.7,https://px.hagstofa.is/pxis/pxweb/is/Samfelag__launogtekjur__2_lvt__1_manadartolur/LAU04000.px,2026-02-05T14:45:06.485865+00:00
2005M05,6.6,https://px.hagstofa.is/pxis/pxweb/is/Samfelag__launogtekjur__2_lvt__1_manadartolur/LAU04000.px,2026-02-05T14:45:06.485865+00:00
2005M06,6.3,https://px.hagstofa.is/pxis/pxweb/is/Samfelag__launogtekjur__2_lvt__1_manadartolur/LAU04000.px,2026-02-05T14:45:06.485865+00:00
2005M07,6.6,https://px.hagstofa.is/pxis/pxweb/is/Samfelag__launogtekjur__2_lvt__1_manadartolur/LAU04000.px,2026-02-05T14:45:06.485865+00:00
2005M08,6.7,https://px.hagstofa.is/pxis/pxweb/is/Samfelag__launogtekjur__2_lvt__1_manadartolur/LAU04000.px,2026-02-05T14:45:06.485865+00:00
2005M09,6.9,https://px.hagstofa.is/pxis/pxweb/is/Samfelag__launogtekjur__2_lvt__1_manadartolur/LAU04000.px,2026-02-05T14:45:06.485865+00:00
2005M10,6.9,https://px.hagstofa.is/pxis/pxweb/is/Samfelag__launogtekjur__2_lvt__1_manadartolur/LAU04000.px,2026-02-05T14:45:06.485865+00:00
2005M11,7.3,https://px.hagstofa.is/pxis/pxweb/is/Samfelag__launogtekjur__2_lvt__1_manadartolur/LAU04000.px,2026-02-05T14:45:06.485865+00:00
2005M12,7.2,https://px.hagstofa.is/pxis/pxweb/is/Samfelag__launogtekjur__2_lvt__1_manadartolur/LAU04000.px,2026-02-05T14:45:06.485865+00:00
2006M01,8.3,https://px.hagstofa.is/pxis/pxweb/is/Samfelag__launogtekjur__2_lvt__1_manadartolur/LAU04000.px,2026-02-05T14:45:06.485865+00:00
2006M02,8.6,https://px.hagstofa.is/pxis/pxweb/is/Samfelag__launogtekjur__2_lvt__1_manadartolur/LAU04000.px,2026-02-05T14:45:06.485865+00:00
2006M03,8.6,https://px.hagstofa.is/pxis/pxweb/is/Samfelag__launogtekjur__2_lvt__1_manadartolur/LAU04000.px,2026-02-05T14:45:06.485865+00:00
2006M04,8.4,https://px.hagstofa.is/pxis/pxweb/is/Samfelag__launogtekjur__2_lvt__1_manadartolur/LAU04000.px,2026-02-05T14:45:06.485865+00:00
2006M05,8.7,https://px.hagstofa.is/pxis/pxweb/is/Samfelag__launogtekjur__2_lvt__1_manadartolur/LAU04000.px,2026-02-05T14:45:06.485865+00:00
2006M06,8.8,https://px.hagstofa.is/pxis/pxweb/is/Samfelag__launogtekjur__2_lvt__1_manadartolur/LAU04000.px,2026-02-05T14:45:06.485865+00:00
2006M07,10.2,https://px.hagstofa.is/pxis/pxweb/is/Samfelag__launogtekjur__2_lvt__1_manadartolur/LAU04000.px,2026-02-05T14:45:06.485865+00:00
2006M08,10.6,https://px.hagstofa.is/pxis/pxweb/is/Samfelag__launogtekjur__2_lvt__1_manadartolur/LAU04000.px,2026-02-05T14:45:06.485865+00:00
2006M09,10.8,https://px.hagstofa.is/pxis/pxweb/is/Samfelag__launogtekjur__2_lvt__1_manadartolur/LAU04000.px,2026-02-05T14:45:06.485865+00:00
2006M10,11.0,https://px.hagstofa.is/pxis/pxweb/is/Samfelag__launogtekjur__2_lvt__1_manadartolur/LAU04000.px,2026-02-05T14:45:06.485865+00:00
2006M11,10.5,https://px.hagstofa.is/pxis/pxweb/is/Samfelag__launogtekjur__2_lvt__1_manadartolur/LAU04000.px,2026-02-05T14:45:06.485865+00:00
2006M12,9.8,https://px.hagstofa.is/pxis/pxweb/is/Samfelag__launogtekjur__2_lvt__1_manadartolur/LAU04000.px,2026-02-05T14:45:06.485865+00:00
2007M01,10.1,https://px.hagstofa.is/pxis/pxweb/is/Samfelag__launogtekjur__2_lvt__1_manadartolur/LAU04000.px,2026-02-05T14:45:06.485865+00:00
2007M02,9.8,https://px.hagstofa.is/pxis/pxweb/is/Samfelag__launogtekjur__2_lvt__1_manadartolur/LAU04000.px,2026-02-05T14:45:06.485865+00:00
2007M03,9.7,https://px.hagstofa.is/pxis/pxweb/is/Samfelag__launogtekjur__2_lvt__1_manadartolur/LAU04000.px,2026-02-05T14:45:06.485865+00:00
2007M04,9.8,https://px.hagstofa.is/pxis/pxweb/is/Samfelag__launogtekjur__2_lvt__1_manadartolur/LAU04000.px,2026-02-05T14:45:06.485865+00:00
2007M05,9.6,https://px.hagstofa.is/pxis/pxweb/is/Samfelag__launogtekjur__2_lvt__1_manadartolur/LAU04000.px,2026-02-05T14:45:06.485865+00:00
2007M06,9.8,https://px.hagstofa.is/pxis/pxweb/is/Samfelag__launogtekjur__2_lvt__1_manadartolur/LAU04000.px,2026-02-05T14:45:06.485865+00:00
2007M07,8.3,https://px.hagstofa.is/pxis/pxweb/is/Samfelag__launogtekjur__2_lvt__1_manadartolur/LAU04000.px,2026-02-05T14:45:06.485865+00:00
2007M08,8.0,https://px.hagstofa.is/pxis/pxweb/is/Samfelag__launogtekjur__2_lvt__1_manadartolur/LAU04000.px,2026-02-05T14:45:06.485865+00:00
2007M09,8.1,https://px.hagstofa.is/pxis/pxweb/is/Samfelag__launogtekjur__2_lvt__1_manadartolur/LAU04000.px,2026-02-05T14:45:06.485865+00:00
2007M10,8.1,https://px.hagstofa.is/pxis/pxweb/is/Samfelag__launogtekjur__2_lvt__1_manadartolur/LAU04000.px,2026-02-05T14:45:06.485865+00:00
2007M11,8.3,https://px.hagstofa.is/pxis/pxweb/is/Samfelag__launogtekjur__2_lvt__1_manadartolur/LAU04000.px,2026-02-05T14:45:06.485865+00:00
2007M12,8.6,https://px.hagstofa.is/pxis/pxweb/is/Samfelag__launogtekjur__2_lvt__1_manadartolur/LAU04000.px,2026-02-05T14:45:06.485865+00:00
2008M01,6.2,https://px.hagstofa.is/pxis/pxweb/is/Samfelag__launogtekjur__2_lvt__1_manadartolur/LAU04000.px,2026-02-05T14:45:06.485865+00:00
2008M02,6.8,https://px.hagstofa.is/pxis/pxweb/is/Samfelag__launogtekjur__2_lvt__1_manadartolur/LAU04000.px,2026-02-05T14:45:06.485865+00:00
2008M03,7.8,https://px.hagstofa.is/pxis/pxweb/is/Samfelag__launogtekjur__2_lvt__1_manadartolur/LAU04000.px,2026-02-05T14:45:06.485865+00:00
2008M04,8.2,https://px.hagstofa.is/pxis/pxweb/is/Samfelag__launogtekjur__2_lvt__1_manadartolur/LAU04000.px,2026-02-05T14:45:06.485865+00:00
2008M05,7.9,https://px.hagstofa.is/pxis/pxweb/is/Samfelag__launogtekjur__2_lvt__1_manadartolur/LAU04000.px,2026-02-05T14:45:06.485865+00:00
2008M06,8.5,https://px.hagstofa.is/pxis/pxweb/is/Samfelag__launogtekjur__2_lvt__1_manadartolur/LAU04000.px,2026-02-05T14:45:06.485865+00:00
2008M07,9.1,https://px.hagstofa.is/pxis/pxweb/is/Samfelag__launogtekjur__2_lvt__1_manadartolur/LAU04000.px,2026-02-05T14:45:06.485865+00:00
2008M08,9.1,https://px.hagstofa.is/pxis/pxweb/is/Samfelag__launogtekjur__2_lvt__1_manadartolur/LAU04000.px,2026-02-05T14:45:06.485865+00:00
2008M09,9.0,https://px.hagstofa.is/pxis/pxweb/is/Samfelag__launogtekjur__2_lvt__1_manadartolur/LAU04000.px,2026-02-05T14:45:06.485865+00:00
2008M10,8.8,https://px.hagstofa.is/pxis/pxweb/is/Samfelag__launogtekjur__2_lvt__1_manadartolur/LAU04000.px,2026-02-05T14:45:06.485865+00:00
2008M11,7.8,https://px.hagstofa.is/pxis/pxweb/is/Samfelag__launogtekjur__2_lvt__1_manadartolur/LAU04000.px,2026-02-05T14:45:06.485865+00:00
2008M12,8.3,https://px.hagstofa.is/pxis/pxweb/is/Samfelag__launogtekjur__2_lvt__1_manadartolur/LAU04000.px,2026-02-05T14:45:06.485865+00:00
2009M01,7.5,https://px.hagstofa.is/pxis/pxweb/is/Samfelag__launogtekjur__2_lvt__1_manadartolur/LAU04000.px,2026-02-05T14:45:06.485865+00:00
2009M02,6.7,https://px.hagstofa.is/pxis/pxweb/is/Samfelag__launogtekjur__2_lvt__1_manadartolur/LAU04000.px,2026-02-05T14:45:06.485865+00:00
2009M03,5.5,https://px.hagstofa.is/pxis/pxweb/is/Samfelag__launogtekjur__2_lvt__1_manadartolur/LAU04000.px,2026-02-05T14:45:06.485865+00:00
2009M04,4.4,https://px.hagstofa.is/pxis/pxweb/is/Samfelag__launogtekjur__2_lvt__1_manadartolur/LAU04000.px,2026-02-05T14:45:06.485865+00:00
2009M05,4.1,https://px.hagstofa.is/pxis/pxweb/is/Samfelag__launogtekjur__2_lvt__1_manadartolur/LAU04000.px,2026-02-05T14:45:06.485865+00:00
2009M06,3.0,https://px.hagstofa.is/pxis/pxweb/is/Samfelag__launogtekjur__2_lvt__1_manadartolur/LAU04000.px,2026-02-05T14:45:06.485865+00:00
2009M07,2.6,https://px.hagstofa.is/pxis/pxweb/is/Samfelag__launogtekjur__2_lvt__1_manadartolur/LAU04000.px,2026-02-05T14:45:06.485865+00:00
2009M08,2.2,https://px.hagstofa.is/pxis/pxweb/is/Samfelag__launogtekjur__2_lvt__1_manadartolur/LAU04000.px,2026-02-05T14:45:06.485865+00:00
2009M09,1.9,https://px.hagstofa.is/pxis/pxweb/is/Samfelag__launogtekjur__2_lvt__1_manadartolur/LAU04000.px,2026-02-05T14:45:06.485865+00:00
2009M10,1.9,https://px.hagstofa.is/pxis/pxweb/is/Samfelag__launogtekjur__2_lvt__1_manadartolur/LAU04000.px,2026-02-05T14:45:06.485865+00:00
2009M11,4.0,https://px.hagstofa.is/pxis/pxweb/is/Samfelag__launogtekjur__2_lvt__1_manadartolur/LAU04000.px,2026-02-05T14:45:06.485865+00:00
2009M12,3.6,https://px.hagstofa.is/pxis/pxweb/is/Samfelag__launogtekjur__2_lvt__1_manadartolur/LAU04000.px,2026-02-05T14:45:06.485865+00:00
2010M01,3.1,https://px.hagstofa.is/pxis/pxweb/is/Samfelag__launogtekjur__2_lvt__1_manadartolur/LAU04000.px,2026-02-05T14:45:06.485865+00:00
2010M02,3.6,https://px.hagstofa.is/pxis/pxweb/is/Samfelag__launogtekjur__2_lvt__1_manadartolur/LAU04000.px,2026-02-05T14:45:06.485865+00:00
2010M03,3.6,https://px.hagstofa.is/pxis/pxweb/is/Samfelag__launogtekjur__2_lvt__1_manadartolur/LAU04000.px,2026-02-05T14:45:06.485865+00:00
2010M04,4.0,https://px.hagstofa.is/pxis/pxweb/is/Samfelag__launogtekjur__2_lvt__1_manadartolur/LAU04000.px,2026-02-05T14:45:06.485865+00:00
2010M05,4.0,https://px.hagstofa.is/pxis/pxweb/is/Samfelag__launogtekjur__2_lvt__1_manadartolur/LAU04000.px,2026-02-05T14:45:06.485865+00:00
2010M06,6.1,https://px.hagstofa.is/pxis/pxweb/is/Samfelag__launogtekjur__2_lvt__1_manadartolur/LAU04000.px,2026-02-05T14:45:06.485865+00:00
2010M07,6.0,https://px.hagstofa.is/pxis/pxweb/is/Samfelag__launogtekjur__2_lvt__1_manadartolur/LAU04000.px,2026-02-05T14:45:06.485865+00:00
2010M08,6.0,https://px.hagstofa.is/pxis/pxweb/is/Samfelag__launogtekjur__2_lvt__1_manadartolur/LAU04000.px,2026-02-05T14:45:06.485865+00:00
2010M09,6.0,https://px.hagstofa.is/pxis/pxweb/is/Samfelag__launogtekjur__2_lvt__1_manadartolur/LAU04000.px,2026-02-05T14:45:06.485865+00:00
2010M10,6.0,https://px.hagstofa.is/pxis/pxweb/is/Samfelag__launogtekjur__2_lvt__1_manadartolur/LAU04000.px,2026-02-05T14:45:06.485865+00:00
2010M11,4.7,https://px.hagstofa.is/pxis/pxweb/is/Samfelag__launogtekjur__2_lvt__1_manadartolur/LAU04000.px,2026-02-05T14:45:06.485865+00:00
2010M12,4.5,https://px.hagstofa.is/pxis/pxweb/is/Samfelag__launogtekjur__2_lvt__1_manadartolur/LAU04000.px,2026-02-05T14:45:06.485865+00:00
2011M01,4.4,https://px.hagstofa.is/pxis/pxweb/is/Samfelag__launogtekjur__2_lvt__1_manadartolur/LAU04000.px,2026-02-05T14:45:06.485865+00:00
2011M02,4.2,https://px.hagstofa.is/pxis/pxweb/is/Samfelag__launogtekjur__2_lvt__1_manadartolur/LAU04000.px,2026-02-05T14:45:06.485865+00:00
2011M03,4.4,https://px.hagstofa.is/pxis/pxweb/is/Samfelag__launogtekjur__2_lvt__1_manadartolur/LAU04000.px,2026-02-05T14:45:06.485865+00:00
2011M04,4.4,https://px.hagstofa.is/pxis/pxweb/is/Samfelag__launogtekjur__2_lvt__1_manadartolur/LAU04000.px,2026-02-05T14:45:06.485865+00:00
2011M05,5.3,https://px.hagstofa.is/pxis/pxweb/is/Samfelag__launogtekjur__2_lvt__1_manadartolur/LAU04000.px,2026-02-05T14:45:06.485865+00:00
2011M06,7.1,https://px.hagstofa.is/pxis/pxweb/is/Samfelag__launogtekjur__2_lvt__1_manadartolur/LAU04000.px,2026-02-05T14:45:06.485865+00:00
2011M07,7.8,https://px.hagstofa.is/pxis/pxweb/is/Samfelag__launogtekjur__2_lvt__1_manadartolur/LAU04000.px,2026-02-05T14:45:06.485865+00:00
2011M08,8.0,https://px.hagstofa.is/pxis/pxweb/is/Samfelag__launogtekjur__2_lvt__1_manadartolur/LAU04000.px,2026-02-05T14:45:06.485865+00:00
2011M09,8.4,https://px.hagstofa.is/pxis/pxweb/is/Samfelag__launogtekjur__2_lvt__1_manadartolur/LAU04000.px,2026-02-05T14:45:06.485865+00:00
2011M10,8.9,https://px.hagstofa.is/pxis/pxweb/is/Samfelag__launogtekjur__2_lvt__1_manadartolur/LAU04000.px,2026-02-05T14:45:06.485865+00:00
2011M11,9.0,https://px.hagstofa.is/pxis/pxweb/is/Samfelag__launogtekjur__2_lvt__1_manadartolur/LAU04000.px,2026-02-05T14:45:06.485865+00:00
2011M12,9.2,https://px.hagstofa.is/pxis/pxweb/is/Samfelag__launogtekjur__2_lvt__1_manadartolur/LAU04000.px,2026-02-05T14:45:06.485865+00:00
2012M01,9.1,https://px.hagstofa.is/pxis/pxweb/is/Samfelag__launogtekjur__2_lvt__1_manadartolur/LAU04000.px,2026-02-05T14:45:06.485865+00:00
2012M02,11.3,https://px.hagstofa.is/pxis/pxweb/is/Samfelag__launogtekjur__2_lvt__1_manadartolur/LAU04000.px,2026-02-05T14:45:06.485865+00:00
2012M03,12.1,https://px.hagstofa.is/pxis/pxweb/is/Samfelag__launogtekjur__2_lvt__1_manadartolur/LAU04000.px,2026-02-05T14:45:06.485865+00:00
2012M04,11.9,https://px.hagstofa.is/pxis/pxweb/is/Samfelag__launogtekjur__2_lvt__1_manadartolur/LAU04000.px,2026-02-05T14:45:06.485865+00:00
2012M05,11.0,https://px.hagstofa.is/pxis/pxweb/is/Samfelag__launogtekjur__2_lvt__1_manadartolur/LAU04000.px,2026-02-05T14:45:06.485865+00:00
2012M06,6.9,https://px.hagstofa.is/pxis/pxweb/is/Samfelag__launogtekjur__2_lvt__1_manadartolur/LAU04000.px,2026-02-05T14:45:06.485865+00:00
2012M07,6.0,https://px.hagstofa.is/pxis/pxweb/is/Samfelag__launogtekjur__2_lvt__1_manadartolur/LAU04000.px,2026-02-05T14:45:06.485865+00:00
2012M08,5.9,https://px.hagstofa.is/pxis/pxweb/is/Samfelag__launogtekjur__2_lvt__1_manadartolur/LAU04000.px,2026-02-05T14:45:06.485865+00:00
2012M09,5.7,https://px.hagstofa.is/pxis/pxweb/is/Samfelag__launogtekjur__2_lvt__1_manadartolur/LAU04000.px,2026-02-05T14:45:06.485865+00:00
2012M10,5.1,https://px.hagstofa.is/pxis/pxweb/is/Samfelag__launogtekjur__2_lvt__1_manadartolur/LAU04000.px,2026-02-05T14:45:06.485865+00:00
2012M11,5.0,https://px.hagstofa.is/pxis/pxweb/is/Samfelag__launogtekjur__2_lvt__1_manadartolur/LAU04000.px,2026-02-05T14:45:06.485865+00:00
2012M12,4.7,https://px.hagstofa.is/pxis/pxweb/is/Samfelag__launogtekjur__2_lvt__1_manadartolur/LAU04000.px,2026-02-05T14:45:06.485865+00:00
2013M01,5.0,https://px.hagstofa.is/pxis/pxweb/is/Samfelag__launogtekjur__2_lvt__1_manadartolur/LAU04000.px,2026-02-05T14:45:06.485865+00:00
2013M02,5.2,https://px.hagstofa.is/pxis/pxweb/is/Samfelag__launogtekjur__2_lvt__1_manadartolur/LAU04000.px,2026-02-05T14:45:06.485865+00:00
2013M03,5.5,https://px.hagstofa.is/pxis/pxweb/is/Samfelag__launogtekjur__2_lvt__1_manadartolur/LAU04000.px,2026-02-05T14:45:06.485865+00:00
2013M04,5.8,https://px.hagstofa.is/pxis/pxweb/is/Samfelag__launogtekjur__2_lvt__1_manadartolur/LAU04000.px,2026-02-05T14:45:06.485865+00:00
2013M05,5.5,https://px.hagstofa.is/pxis/pxweb/is/Samfelag__launogtekjur__2_lvt__1_manadartolur/LAU04000.px,2026-02-05T14:45:06.485865+00:00
2013M06,5.7,https://px.hagstofa.is/pxis/pxweb/is/Samfelag__launogtekjur__2_lvt__1_manadartolur/LAU04000.px,2026-02-05T14:45:06.485865+00:00
2013M07,5.5,https://px.hagstofa.is/pxis/pxweb/is/Samfelag__launogtekjur__2_lvt__1_manadartolur/LAU04000.px,2026-02-05T14:45:06.485865+00:00
2013M08,5.7,https://px.hagstofa.is/pxis/pxweb/is/Samfelag__launogtekjur__2_lvt__1_manadartolur/LAU04000.px,2026-02-05T14:45:06.485865+00:00
2013M09,5.9,https://px.hagstofa.is/pxis/pxweb/is/Samfelag__launogtekjur__2_lvt__1_manadartolur/LAU04000.px,2026-02-05T14:45:06.485865+00:00
2013M10,6.0,https://px.hagstofa.is/pxis/pxweb/is/Samfelag__launogtekjur__2_lvt__1_manadartolur/LAU04000.px,2026-02-05T14:45:06.485865+00:00
2013M11,6.1,https://px.hagstofa.is/pxis/pxweb/is/Samfelag__launogtekjur__2_lvt__1_manadartolur/LAU04000.px,2026-02-05T14:45:06.485865+00:00
2013M12,6.0,https://px.hagstofa.is/pxis/pxweb/is/Samfelag__launogtekjur__2_lvt__1_manadartolur/LAU04000.px,2026-02-05T14:45:06.485865+00:00
2014M01,6.7,https://px.hagstofa.is/pxis/pxweb/is/Samfelag__launogtekjur__2_lvt__1_manadartolur/LAU04000.px,2026-02-05T14:45:06.485865+00:00
2014M02,4.7,https://px.hagstofa.is/pxis/pxweb/is/Samfelag__launogtekjur__2_lvt__1_manadartolur/LAU04000.px,2026-02-05T14:45:06.485865+00:00
2014M03,4.4,https://px.hagstofa.is/pxis/pxweb/is/Samfelag__launogtekjur__2_lvt__1_manadartolur/LAU04000.px,2026-02-05T14:45:06.485865+00:00
2014M04,4.8,https://px.hagstofa.is/pxis/pxweb/is/Samfelag__launogtekjur__2_lvt__1_manadartolur/LAU04000.px,2026-02-05T14:45:06.485865+00:00
2014M05,5.2,https://px.hagstofa.is/pxis/pxweb/is/Samfelag__launogtekjur__2_lvt__1_manadartolur/LAU04000.px,2026-02-05T14:45:06.485865+00:00
2014M06,5.4,https://px.hagstofa.is/pxis/pxweb/is/Samfelag__launogtekjur__2_lvt__1_manadartolur/LAU04000.px,2026-02-05T14:45:06.485865+00:00
2014M07,5.9,https://px.hagstofa.is/pxis/pxweb/is/Samfelag__launogtekjur__2_lvt__1_manadartolur/LAU04000.px,2026-02-05T14:45:06.485865+00:00
2014M08,6.3,https://px.hagstofa.is/pxis/pxweb/is/Samfelag__launogtekjur__2_lvt__1_manadartolur/LAU04000.px,2026-02-05T14:45:06.485865+00:00
2014M09,6.2,https://px.hagstofa.is/pxis/pxweb/is/Samfelag__launogtekjur__2_lvt__1_manadartolur/LAU04000.px,2026-02-05T14:45:06.485865+00:00
2014M10,6.6,https://px.hagstofa.is/pxis/pxweb/is/Samfelag__launogtekjur__2_lvt__1_manadartolur/LAU04000.px,2026-02-05T14:45:06.485865+00:00
2014M11,6.6,https://px.hagstofa.is/pxis/pxweb/is/Samfelag__launogtekjur__2_lvt__1_manadartolur/LAU04000.px,2026-02-05T14:45:06.485865+00:00
2014M12,6.6,https://px.hagstofa.is/pxis/pxweb/is/Samfelag__launogtekjur__2_lvt__1_manadartolur/LAU04000.px,2026-02-05T14:45:06.485865+00:00
2015M01,6.3,https://px.hagstofa.is/pxis/pxweb/is/Samfelag__launogtekjur__2_lvt__1_manadartolur/LAU04000.px,2026-02-05T14:45:06.485865+00:00
2015M02,6.4,https://px.hagstofa.is/pxis/pxweb/is/Samfelag__launogtekjur__2_lvt__1_manadartolur/LAU04000.px,2026-02-05T14:45:06.485865+00:00
2015M03,5.6,https://px.hagstofa.is/pxis/pxweb/is/Samfelag__launogtekjur__2_lvt__1_manadartolur/LAU04000.px,2026-02-05T14:45:06.485865+00:00
2015M04,5.2,https://px.hagstofa.is/pxis/pxweb/is/Samfelag__launogtekjur__2_lvt__1_manadartolur/LAU04000.px,2026-02-05T14:45:06.485865+00:00
2015M05,5.3,https://px.hagstofa.is/pxis/pxweb/is/Samfelag__launogtekjur__2_lvt__1_manadartolur/LAU04000.px,2026-02-05T14:45:06.485865+00:00
2015M06,7.1,https://px.hagstofa.is/pxis/pxweb/is/Samfelag__launogtekjur__2_lvt__1_manadartolur/LAU04000.px,2026-02-05T14:45:06.485865+00:00
2015M07,7.9,https://px.hagstofa.is/pxis/pxweb/is/Samfelag__launogtekjur__2_lvt__1_manadartolur/LAU04000.px,2026-02-05T14:45:06.485865+00:00
2015M08,7.7,https://px.hagstofa.is/pxis/pxweb/is/Samfelag__launogtekjur__2_lvt__1_manadartolur/LAU04000.px,2026-02-05T14:45:06.485865+00:00
2015M09,8.2,https://px.hagstofa.is/pxis/pxweb/is/Samfelag__launogtekjur__2_lvt__1_manadartolur/LAU04000.px,2026-02-05T14:45:06.485865+00:00
2015M10,7.9,https://px.hagstofa.is/pxis/pxweb/is/Samfelag__launogtekjur__2_lvt__1_manadartolur/LAU04000.px,2026-02-05T14:45:06.485865+00:00
2015M11,8.7,https://px.hagstofa.is/pxis/pxweb/is/Samfelag__launogtekjur__2_lvt__1_manadartolur/LAU04000.px,2026-02-05T14:45:06.485865+00:00
2015M12,9.7,https://px.hagstofa.is/pxis/pxweb/is/Samfelag__launogtekjur__2_lvt__1_manadartolur/LAU04000.px,2026-02-05T14:45:06.485865+00:00
2016M01,9.4,https://px.hagstofa.is/pxis/pxweb/is/Samfelag__launogtekjur__2_lvt__1_manadartolur/LAU04000.px,2026-02-05T14:45:06.485865+00:00
2016M02,12.6,https://px.hagstofa.is/pxis/pxweb/is/Samfelag__launogtekjur__2_lvt__1_manadartolur/LAU04000.px,2026-02-05T14:45:06.485865+00:00
2016M03,13.3,https://px.hagstofa.is/pxis/pxweb/is/Samfelag__launogtekjur__2_lvt__1_manadartolur/LAU04000.px,2026-02-05T14:45:06.485865+00:00
2016M04,13.4,https://px.hagstofa.is/pxis/pxweb/is/Samfelag__launogtekjur__2_lvt__1_manadartolur/LAU04000.px,2026-02-05T14:45:06.485865+00:00
2016M05,13.3,https://px.hagstofa.is/pxis/pxweb/is/Samfelag__launogtekjur__2_lvt__1_manadartolur/LAU04000.px,2026-02-05T14:45:06.485865+00:00
2016M06,12.5,https://px.hagstofa.is/pxis/pxweb/is/Samfelag__launogtekjur__2_lvt__1_manadartolur/LAU04000.px,2026-02-05T14:45:06.485865+00:00
2016M07,11.3,https://px.hagstofa.is/pxis/pxweb/is/Samfelag__launogtekjur__2_lvt__1_manadartolur/LAU04000.px,2026-02-05T14:45:06.485865+00:00
2016M08,11.2,https://px.hagstofa.is/pxis/pxweb/is/Samfelag__launogtekjur__2_lvt__1_manadartolur/LAU04000.px,2026-02-05T14:45:06.485865+00:00
2016M09,10.5,https://px.hagstofa.is/pxis/pxweb/is/Samfelag__launogtekjur__2_lvt__1_manadartolur/LAU04000.px,2026-02-05T14:45:06.485865+00:00
2016M10,10.4,https://px.hagstofa.is/pxis/pxweb/is/Samfelag__launogtekjur__2_lvt__1_manadartolur/LAU04000.px,2026-02-05T14:45:06.485865+00:00
2016M11,9.7,https://px.hagstofa.is/pxis/pxweb/is/Samfelag__launogtekjur__2_lvt__1_manadartolur/LAU04000.px,2026-02-05T14:45:06.485865+00:00
2016M12,9.1,https://px.hagstofa.is/pxis/pxweb/is/Samfelag__launogtekjur__2_lvt__1_manadartolur/LAU04000.px,2026-02-05T14:45:06.485865+00:00
2017M01,8.7,https://px.hagstofa.is/pxis/pxweb/is/Samfelag__launogtekjur__2_lvt__1_manadartolur/LAU04000.px,2026-02-05T14:45:06.485865+00:00
2017M02,5.5,https://px.hagstofa.is/pxis/pxweb/is/Samfelag__launogtekjur__2_lvt__1_manadartolur/LAU04000.px,2026-02-05T14:45:06.485865+00:00
2017M03,5.0,https://px.hagstofa.is/pxis/pxweb/is/Samfelag__launogtekjur__2_lvt__1_manadartolur/LAU04000.px,2026-02-05T14:45:06.485865+00:00
2017M04,4.9,https://px.hagstofa.is/pxis/pxweb/is/Samfelag__launogtekjur__2_lvt__1_manadartolur/LAU04000.px,2026-02-05T14:45:06.485865+00:00
2017M05,7.8,https://px.hagstofa.is/pxis/pxweb/is/Samfelag__launogtekjur__2_lvt__1_manadartolur/LAU04000.px,2026-02-05T14:45:06.485865+00:00
2017M06,7.3,https://px.hagstofa.is/pxis/pxweb/is/Samfelag__launogtekjur__2_lvt__1_manadartolur/LAU04000.px,2026-02-05T14:45:06.485865+00:00
2017M07,7.2,https://px.hagstofa.is/pxis/pxweb/is/Samfelag__launogtekjur__2_lvt__1_manadartolur/LAU04000.px,2026-02-05T14:45:06.485865+00:00
2017M08,7.2,https://px.hagstofa.is/pxis/pxweb/is/Samfelag__launogtekjur__2_lvt__1_manadartolur/LAU04000.px,2026-02-05T14:45:06.485865+00:00
2017M09,7.4,https://px.hagstofa.is/pxis/pxweb/is/Samfelag__launogtekjur__2_lvt__1_manadartolur/LAU04000.px,2026-02-05T14:45:06.485865+00:00
2017M10,7.2,https://px.hagstofa.is/pxis/pxweb/is/Samfelag__launogtekjur__2_lvt__1_manadartolur/LAU04000.px,2026-02-05T14:45:06.485865+00:00
2017M11,7.1,https://px.hagstofa.is/pxis/pxweb/is/Samfelag__launogtekjur__2_lvt__1_manadartolur/LAU04000.px,2026-02-05T14:45:06.485865+00:00
2017M12,6.9,https://px.hagstofa.is/pxis/pxweb/is/Samfelag__launogtekjur__2_lvt__1_manadartolur/LAU04000.px,2026-02-05T14:45:06.485865+00:00
2018M01,7.3,https://px.hagstofa.is/pxis/pxweb/is/Samfelag__launogtekjur__2_lvt__1_manadartolur/LAU04000.px,2026-02-05T14:45:06.485865+00:00
2018M02,7.2,https://px.hagstofa.is/pxis/pxweb/is/Samfelag__launogtekjur__2_lvt__1_manadartolur/LAU04000.px,2026-02-05T14:45:06.485865+00:00
2018M03,7.1,https://px.hagstofa.is/pxis/pxweb/is/Samfelag__launogtekjur__2_lvt__1_manadartolur/LAU04000.px,2026-02-05T14:45:06.485865+00:00
2018M04,7.3,https://px.hagstofa.is/pxis/pxweb/is/Samfelag__launogtekjur__2_lvt__1_manadartolur/LAU04000.px,2026-02-05T14:45:06.485865+00:00
2018M05,6.3,https://px.hagstofa.is/pxis/pxweb/is/Samfelag__launogtekjur__2_lvt__1_manadartolur/LAU04000.px,2026-02-05T14:45:06.485865+00:00
2018M06,5.9,https://px.hagstofa.is/pxis/pxweb/is/Samfelag__launogtekjur__2_lvt__1_manadartolur/LAU04000.px,2026-02-05T14:45:06.485865+00:00
2018M07,6.3,https://px.hagstofa.is/pxis/pxweb/is/Samfelag__launogtekjur__2_lvt__1_manadartolur/LAU04000.px,2026-02-05T14:45:06.485865+00:00
2018M08,6.0,https://px.hagstofa.is/pxis/pxweb/is/Samfelag__launogtekjur__2_lvt__1_manadartolur/LAU04000.px,2026-02-05T14:45:06.485865+00:00
2018M09,5.9,https://px.hagstofa.is/pxis/pxweb/is/Samfelag__launogtekjur__2_lvt__1_manadartolur/LAU04000.px,2026-02-05T14:45:06.485865+00:00
2018M10,6.2,https://px.hagstofa.is/pxis/pxweb/is/Samfelag__launogtekjur__2_lvt__1_manadartolur/LAU04000.px,2026-02-05T14:45:06.485865+00:00
2018M11,6.2,https://px.hagstofa.is/pxis/pxweb/is/Samfelag__launogtekjur__2_lvt__1_manadartolur/LAU04000.px,2026-02-05T14:45:06.485865+00:00
2018M12,6.0,https://px.hagstofa.is/pxis/pxweb/is/Samfelag__launogtekjur__2_lvt__1_manadartolur/LAU04000.px,2026-02-05T14:45:06.485865+00:00
2019M01,5.8,https://px.hagstofa.is/pxis/pxweb/is/Samfelag__launogtekjur__2_lvt__1_manadartolur/LAU04000.px,2026-02-05T14:45:06.485865+00:00
2019M02,5.6,https://px.hagstofa.is/pxis/pxweb/is/Samfelag__launogtekjur__2_lvt__1_manadartolur/LAU04000.px,2026-02-05T14:45:06.485865+00:00
2019M03,5.5,https://px.hagstofa.is/pxis/pxweb/is/Samfelag__launogtekjur__2_lvt__1_manadartolur/LAU04000.px,2026-02-05T14:45:06.485865+00:00
2019M04,6.8,https://px.hagstofa.is/pxis/pxweb/is/Samfelag__launogtekjur__2_lvt__1_manadartolur/LAU04000.px,2026-02-05T14:45:06.485865+00:00
2019M05,5.1,https://px.hagstofa.is/pxis/pxweb/is/Samfelag__launogtekjur__2_lvt__1_manadartolur/LAU04000.px,2026-02-05T14:45:06.485865+00:00
2019M06,4.3,https://px.hagstofa.is/pxis/pxweb/is/Samfelag__launogtekjur__2_lvt__1_manadartolur/LAU04000.px,2026-02-05T14:45:06.485865+00:00
2019M07,4.2,https://px.hagstofa.is/pxis/pxweb/is/Samfelag__launogtekjur__2_lvt__1_manadartolur/LAU04000.px,2026-02-05T14:45:06.485865+00:00
2019M08,4.3,https://px.hagstofa.is/pxis/pxweb/is/Samfelag__launogtekjur__2_lvt__1_manadartolur/LAU04000.px,2026-02-05T14:45:06.485865+00:00
2019M09,4.2,https://px.hagstofa.is/pxis/pxweb/is/Samfelag__launogtekjur__2_lvt__1_manadartolur/LAU04000.px,2026-02-05T14:45:06.485865+00:00
2019M10,4.2,https://px.hagstofa.is/pxis/pxweb/is/Samfelag__launogtekjur__2_lvt__1_manadartolur/LAU04000.px,2026-02-05T14:45:06.485865+00:00
2019M11,4.2,https://px.hagstofa.is/pxis/pxweb/is/Samfelag__launogtekjur__2_lvt__1_manadartolur/LAU04000.px,2026-02-05T14:45:06.485865+00:00
2019M12,4.5,https://px.hagstofa.is/pxis/pxweb/is/Samfelag__launogtekjur__2_lvt__1_manadartolur/LAU04000.px,2026-02-05T14:45:06.485865+00:00
2020M01,4.9,https://px.hagstofa.is/pxis/pxweb/is/Samfelag__launogtekjur__2_lvt__1_manadartolur/LAU04000.px,2026-02-05T14:45:06.485865+00:00
2020M02,4.8,https://px.hagstofa.is/pxis/pxweb/is/Samfelag__launogtekjur__2_lvt__1_manadartolur/LAU04000.px,2026-02-05T14:45:06.485865+00:00
2020M03,4.9,https://px.hagstofa.is/pxis/pxweb/is/Samfelag__launogtekjur__2_lvt__1_manadartolur/LAU04000.px,2026-02-05T14:45:06.485865+00:00
2020M04,6.8,https://px.hagstofa.is/pxis/pxweb/is/Samfelag__launogtekjur__2_lvt__1_manadartolur/LAU04000.px,2026-02-05T14:45:06.485865+00:00
2020M05,6.4,https://px.hagstofa.is/pxis/pxweb/is/Samfelag__launogtekjur__2_lvt__1_manadartolur/LAU04000.px,2026-02-05T14:45:06.485865+00:00
2020M06,6.7,https://px.hagstofa.is/pxis/pxweb/is/Samfelag__launogtekjur__2_lvt__1_manadartolur/LAU04000.px,2026-02-05T14:45:06.485865+00:00
2020M07,6.3,https://px.hagstofa.is/pxis/pxweb/is/Samfelag__launogtekjur__2_lvt__1_manadartolur/LAU04000.px,2026-02-05T14:45:06.485865+00:00
2020M08,6.4,https://px.hagstofa.is/pxis/pxweb/is/Samfelag__launogtekjur__2_lvt__1_manadartolur/LAU04000.px,2026-02-05T14:45:06.485865+00:00
2020M09,6.7,https://px.hagstofa.is/pxis/pxweb/is/Samfelag__launogtekjur__2_lvt__1_manadartolur/LAU04000.px,2026-02-05T14:45:06.485865+00:00
2020M10,7.1,https://px.hagstofa.is/pxis/pxweb/is/Samfelag__launogtekjur__2_lvt__1_manadartolur/LAU04000.px,2026-02-05T14:45:06.485865+00:00
2020M11,7.3,https://px.hagstofa.is/pxis/pxweb/is/Samfelag__launogtekjur__2_lvt__1_manadartolur/LAU04000.px,2026-02-05T14:45:06.485865+00:00
2020M12,7.2,https://px.hagstofa.is/pxis/pxweb/is/Samfelag__launogtekjur__2_lvt__1_manadartolur/LAU04000.px,2026-02-05T14:45:06.485865+00:00
2021M01,10.3,https://px.hagstofa.is/pxis/pxweb/is/Samfelag__launogtekjur__2_lvt__1_manadartolur/LAU04000.px,2026-02-05T14:45:06.485865+00:00
2021M02,10.6,https://px.hagstofa.is/pxis/pxweb/is/Samfelag__launogtekjur__2_lvt__1_manadartolur/LAU04000.px,2026-02-05T14:45:06.485865+00:00
2021M03,10.6,https://px.hagstofa.is/pxis/pxweb/is/Samfelag__launogtekjur__2_lvt__1_manadartolur/LAU04000.px,2026-02-05T14:45:06.485865+00:00
2021M04,7.4,https://px.hagstofa.is/pxis/pxweb/is/Samfelag__launogtekjur__2_lvt__1_manadartolur/LAU04000.px,2026-02-05T14:45:06.485865+00:00
2021M05,7.5,https://px.hagstofa.is/pxis/pxweb/is/Samfelag__launogtekjur__2_lvt__1_manadartolur/LAU04000.px,2026-02-05T14:45:06.485865+00:00
2021M06,7.7,https://px.hagstofa.is/pxis/pxweb/is/Samfelag__launogtekjur__2_lvt__1_manadartolur/LAU04000.px,2026-02-05T14:45:06.485865+00:00
2021M07,7.8,https://px.hagstofa.is/pxis/pxweb/is/Samfelag__launogtekjur__2_lvt__1_manadartolur/LAU04000.px,2026-02-05T14:45:06.485865+00:00
2021M08,7.9,https://px.hagstofa.is/pxis/pxweb/is/Samfelag__launogtekjur__2_lvt__1_manadartolur/LAU04000.px,2026-02-05T14:45:06.485865+00:00
2021M09,7.7,https://px.hagstofa.is/pxis/pxweb/is/Samfelag__launogtekjur__2_lvt__1_manadartolur/LAU04000.px,2026-02-05T14:45:06.485865+00:00
2021M10,7.6,https://px.hagstofa.is/pxis/pxweb/is/Samfelag__launogtekjur__2_lvt__1_manadartolur/LAU04000.px,2026-02-05T14:45:06.485865+00:00
2021M11,7.5,https://px.hagstofa.is/pxis/pxweb/is/Samfelag__launogtekjur__2_lvt__1_manadartolur/LAU04000.px,2026-02-05T14:45:06.485865+00:00
2021M12,7.3,https://px.hagstofa.is/pxis/pxweb/is/Samfelag__launogtekjur__2_lvt__1_manadartolur/LAU04000.px,2026-02-05T14:45:06.485865+00:00
2022M01,7.3,https://px.hagstofa.is/pxis/pxweb/is/Samfelag__launogtekjur__2_lvt__1_manadartolur/LAU04000.px,2026-02-05T14:45:06.485865+00:00
2022M02,7.3,https://px.hagstofa.is/pxis/pxweb/is/Samfelag__launogtekjur__2_lvt__1_manadartolur/LAU04000.px,2026-02-05T14:45:06.485865+00:00
2022M03,7.1,https://px.hagstofa.is/pxis/pxweb/is/Samfelag__launogtekjur__2_lvt__1_manadartolur/LAU04000.px,2026-02-05T14:45:06.485865+00:00
2022M04,8.5,https://px.hagstofa.is/pxis/pxweb/is/Samfelag__launogtekjur__2_lvt__1_manadartolur/LAU04000.px,2026-02-05T14:45:06.485865+00:00
2022M05,8.6,https://px.hagstofa.is/pxis/pxweb/is/Samfelag__launogtekjur__2_lvt__1_manadartolur/LAU04000.px,2026-02-05T14:45:06.485865+00:00
2022M06,8.1,https://px.hagstofa.is/pxis/pxweb/is/Samfelag__launogtekjur__2_lvt__1_manadartolur/LAU04000.px,2026-02-05T14:45:06.485865+00:00
2022M07,8.1,https://px.hagstofa.is/pxis/pxweb/is/Samfelag__launogtekjur__2_lvt__1_manadartolur/LAU04000.px,2026-02-05T14:45:06.485865+00:00
2022M08,8.0,https://px.hagstofa.is/pxis/pxweb/is/Samfelag__launogtekjur__2_lvt__1_manadartolur/LAU04000.px,2026-02-05T14:45:06.485865+00:00
2022M09,8.1,https://px.hagstofa.is/pxis/pxweb/is/Samfelag__launogtekjur__2_lvt__1_manadartolur/LAU04000.px,2026-02-05T14:45:06.485865+00:00
2022M10,7.9,https://px.hagstofa.is/pxis/pxweb/is/Samfelag__launogtekjur__2_lvt__1_manadartolur/LAU04000.px,2026-02-05T14:45:06.485865+00:00
2022M11,8.0,https://px.hagstofa.is/pxis/pxweb/is/Samfelag__launogtekjur__2_lvt__1_manadartolur/LAU04000.px,2026-02-05T14:45:06.485865+00:00
2022M12,12.4,https://px.hagstofa.is/pxis/pxweb/is/Samfelag__launogtekjur__2_lvt__1_manadartolur/LAU04000.px,2026-02-05T14:45:06.485865+00:00
2023M01,8.6,https://px.hagstofa.is/pxis/pxweb/is/Samfelag__launogtekjur__2_lvt__1_manadartolur/LAU04000.px,2026-02-05T14:45:06.485865+00:00
2023M02,8.7,https://px.hagstofa.is/pxis/pxweb/is/Samfelag__launogtekjur__2_lvt__1_manadartolur/LAU04000.px,2026-02-05T14:45:06.485865+00:00
2023M03,9.5,https://px.hagstofa.is/pxis/pxweb/is/Samfelag__launogtekjur__2_lvt__1_manadartolur/LAU04000.px,2026-02-05T14:45:06.485865+00:00
2023M04,9.5,https://px.hagstofa.is/pxis/pxweb/is/Samfelag__launogtekjur__2_lvt__1_manadartolur/LAU04000.px,2026-02-05T14:45:06.485865+00:00
2023M05,9.6,https://px.hagstofa.is/pxis/pxweb/is/Samfelag__launogtekjur__2_lvt__1_manadartolur/LAU04000.px,2026-02-05T14:45:06.485865+00:00
2023M06,10.9,https://px.hagstofa.is/pxis/pxweb/is/Samfelag__launogtekjur__2_lvt__1_manadartolur/LAU04000.px,2026-02-05T14:45:06.485865+00:00
2023M07,10.7,https://px.hagstofa.is/pxis/pxweb/is/Samfelag__launogtekjur__2_lvt__1_manadartolur/LAU04000.px,2026-02-05T14:45:06.485865+00:00
2023M08,10.8,https://px.hagstofa.is/pxis/pxweb/is/Samfelag__launogtekjur__2_lvt__1_manadartolur/LAU04000.px,2026-02-05T14:45:06.485865+00:00
2023M09,10.9,https://px.hagstofa.is/pxis/pxweb/is/Samfelag__launogtekjur__2_lvt__1_manadartolur/LAU04000.px,2026-02-05T14:45:06.485865+00:00
2023M10,10.9,https://px.hagstofa.is/pxis/pxweb/is/Samfelag__launogtekjur__2_lvt__1_manadartolur/LAU04000.px,2026-02-05T14:45:06.485865+00:00
2023M11,10.8,https://px.hagstofa.is/pxis/pxweb/is/Samfelag__launogtekjur__2_lvt__1_manadartolur/LAU04000.px,2026-02-05T14:45:06.485865+00:00
2023M12,6.7,https://px.hagstofa.is/pxis/pxweb/is/Samfelag__launogtekjur__2_lvt__1_manadartolur/LAU04000.px,2026-02-05T14:45:06.485865+00:00
2024M01,7.0,https://px.hagstofa.is/pxis/pxweb/is/Samfelag__launogtekjur__2_lvt__1_manadartolur/LAU04000.px,2026-02-05T14:45:06.485865+00:00
2024M02,6.8,https://px.hagstofa.is/pxis/pxweb/is/Samfelag__launogtekjur__2_lvt__1_manadartolur/LAU04000.px,2026-02-05T14:45:06.485865+00:00
2024M03,8.3,https://px.hagstofa.is/pxis/pxweb/is/Samfelag__launogtekjur__2_lvt__1_manadartolur/LAU04000.px,2026-02-05T14:45:06.485865+00:00
2024M04,7.1,https://px.hagstofa.is/pxis/pxweb/is/Samfelag__launogtekjur__2_lvt__1_manadartolur/LAU04000.px,2026-02-05T14:45:06.485865+00:00
2024M05,6.7,https://px.hagstofa.is/pxis/pxweb/is/Samfelag__launogtekjur__2_lvt__1_manadartolur/LAU04000.px,2026-02-05T14:45:06.485865+00:00
2024M06,6.0,https://px.hagstofa.is/pxis/pxweb/is/Samfelag__launogtekjur__2_lvt__1_manadartolur/LAU04000.px,2026-02-05T14:45:06.485865+00:00
2024M07,6.5,https://px.hagstofa.is/pxis/pxweb/is/Samfelag__launogtekjur__2_lvt__1_manadartolur/LAU04000.px,2026-02-05T14:45:06.485865+00:00
2024M08,6.3,https://px.hagstofa.is/pxis/pxweb/is/Samfelag__launogtekjur__2_lvt__1_manadartolur/LAU04000.px,2026-02-05T14:45:06.485865+00:00
2024M09,6.1,https://px.hagstofa.is/pxis/pxweb/is/Samfelag__launogtekjur__2_lvt__1_manadartolur/LAU04000.px,2026-02-05T14:45:06.485865+00:00
2024M10,6.0,https://px.hagstofa.is/pxis/pxweb/is/Samfelag__launogtekjur__2_lvt__1_manadartolur/LAU04000.px,2026-02-05T14:45:06.485865+00:00
2024M11,6.1,https://px.hagstofa.is/pxis/pxweb/is/Samfelag__launogtekjur__2_lvt__1_manadartolur/LAU04000.px,2026-02-05T14:45:06.485865+00:00
2024M12,6.4,https://px.hagstofa.is/pxis/pxweb/is/Samfelag__launogtekjur__2_lvt__1_manadartolur/LAU04000.px,2026-02-05T14:45:06.485865+00:00
2025M01,9.1,https://px.hagstofa.is/pxis/pxweb/is/Samfelag__launogtekjur__2_lvt__1_manadartolur/LAU04000.px,2026-02-05T14:45:06.485865+00:00
2025M02,9.0,https://px.hagstofa.is/pxis/pxweb/is/Samfelag__launogtekjur__2_lvt__1_manadartolur/LAU04000.px,2026-02-05T14:45:06.485865+00:00
2025M03,6.9,https://px.hagstofa.is/pxis/pxweb/is/Samfelag__launogtekjur__2_lvt__1_manadartolur/LAU04000.px,2026-02-05T14:45:06.485865+00:00
2025M04,8.2,https://px.hagstofa.is/pxis/pxweb/is/Samfelag__launogtekjur__2_lvt__1_manadartolur/LAU04000.px,2026-02-05T14:45:06.485865+00:00
2025M05,8.3,https://px.hagstofa.is/pxis/pxweb/is/Samfelag__launogtekjur__2_lvt__1_manadartolur/LAU04000.px,2026-02-05T14:45:06.485865+00:00
2025M06,8.2,https://px.hagstofa.is/pxis/pxweb/is/Samfelag__launogtekjur__2_lvt__1_manadartolur/LAU04000.px,2026-02-05T14:45:06.485865+00:00
2025M07,7.6,https://px.hagstofa.is/pxis/pxweb/is/Samfelag__launogtekjur__2_lvt__1_manadartolur/LAU04000.px,2026-02-05T14:45:06.485865+00:00
2025M08,7.7,https://px.hagstofa.is/pxis/pxweb/is/Samfelag__launogtekjur__2_lvt__1_manadartolur/LAU04000.px,2026-02-05T14:45:06.485865+00:00
2025M09,7.8,https://px.hagstofa.is/pxis/pxweb/is/Samfelag__launogtekjur__2_lvt__1_manadartolur/LAU04000.px,2026-02-05T14:45:06.485865+00:00
2025M10,7.7,https://px.hagstofa.is/pxis/pxweb/is/Samfelag__launogtekjur__2_lvt__1_manadartolur/LAU04000.px,2026-02-05T14:45:06.485865+00:00
2025M11,7.5,https://px.hagstofa.is/pxis/pxweb/is/Samfelag__launogtekjur__2_lvt__1_manadartolur/LAU04000.px,2026-02-05T14:45:06.485865+00:00
2025M12,7.0,https://px.hagstofa.is/pxis/pxweb/is/Samfelag__launogtekjur__2_lvt__1_manadartolur/LAU04000.px,2026-02-05T14:45:06.485865+00:00
